"Problem","Package","File","Priority","Line","Description","Rule set","Rule"
"1","dextuploadnj.sample.ko.spring","src/main/java/dextuploadnj/sample/ko/spring/DataRepository.java","1","15","mothod 레벨의 synchronization 보다 block 레벨 synchronization 을 사용하는 것이 바람직함","pmd-eclipse","AvoidSynchronizedAtMethodLevel"
"2","dextuploadnj.sample.ko.spring","src/main/java/dextuploadnj/sample/ko/spring/DataRepository.java","1","43","mothod 레벨의 synchronization 보다 block 레벨 synchronization 을 사용하는 것이 바람직함","pmd-eclipse","AvoidSynchronizedAtMethodLevel"
"3","dextuploadnj.sample.ko.spring","src/main/java/dextuploadnj/sample/ko/spring/FileRepository.java","1","15","mothod 레벨의 synchronization 보다 block 레벨 synchronization 을 사용하는 것이 바람직함","pmd-eclipse","AvoidSynchronizedAtMethodLevel"
"4","dextuploadnj.sample.ko.spring","src/main/java/dextuploadnj/sample/ko/spring/FileRepository.java","1","43","mothod 레벨의 synchronization 보다 block 레벨 synchronization 을 사용하는 것이 바람직함","pmd-eclipse","AvoidSynchronizedAtMethodLevel"
"5","dextuploadnj.sample.ko.spring","src/main/java/dextuploadnj/sample/ko/spring/SampleDownloadController.java","1","17","동일 패키지에 있을 때는 import문을 사용할 필요가 없음","pmd-eclipse","ImportFromSamePackage"
"6","dextuploadnj.sample.ko.spring","src/main/java/dextuploadnj/sample/ko/spring/SampleDownloadController.java","1","18","동일 패키지에 있을 때는 import문을 사용할 필요가 없음","pmd-eclipse","ImportFromSamePackage"
"7","dextuploadnj.sample.ko.spring","src/main/java/dextuploadnj/sample/ko/spring/SampleUploadController.java","1","14","동일 패키지에 있을 때는 import문을 사용할 필요가 없음","pmd-eclipse","ImportFromSamePackage"
"8","dextuploadnj.sample.ko.spring","src/main/java/dextuploadnj/sample/ko/spring/SampleUploadController.java","1","15","동일 패키지에 있을 때는 import문을 사용할 필요가 없음","pmd-eclipse","ImportFromSamePackage"
"9","dextuploadnj.sample.ko.spring","src/main/java/dextuploadnj/sample/ko/spring/SampleUploadController.java","1","16","동일 패키지에 있을 때는 import문을 사용할 필요가 없음","pmd-eclipse","ImportFromSamePackage"
"10","egovframework.com.cmm.filter","src/main/java/egovframework/com/cmm/filter/HTMLTagFilter.java","1","43","빈 Method에 주석을 추가할것","pmd-eclipse","UncommentedEmptyMethod"
"11","kcue.ast.eip.com.web","src/main/java/kcue/ast/eip/com/web/EipComScoreMgrController.java","1","119","Switch구문에는 반드시 default label이 있어야 함","pmd-eclipse","SwitchStmtsShouldHaveDefault"
"12","kcue.ast.eip.cun.comput.web","src/main/java/kcue/ast/eip/cun/comput/web/ConComputVrifyController.java","2","71","사용되지 않는 Private field 'conFtrcScrComputController' 가 선언되었음","pmd-eclipse","UnusedPrivateField"
"13","kcue.ast.eip.cun.mng.csat.web","src/main/java/kcue/ast/eip/cun/mng/csat/web/ConCsatScrMngController.java","1","73","빈 if 구문의 사용을 피하도록 함","pmd-eclipse","EmptyIfStmt"
"14","kcue.ast.eip.cun.mng.sgc.web","src/main/java/kcue/ast/eip/cun/mng/sgc/web/ConStdptScrMngPrintController.java","2","39","사용되지 않는 Private field 'conStdptScrMngService' 가 선언되었음","pmd-eclipse","UnusedPrivateField"
"15","kcue.ast.eip.cun.mng.sgc.web","src/main/java/kcue/ast/eip/cun/mng/sgc/web/ConStdptScrMngPrintController.java","2","47","사용되지 않는 Private field 'messageSource' 가 선언되었음","pmd-eclipse","UnusedPrivateField"
"16","kcue.ast.eip.cun.ssa.atrcr.web","src/main/java/kcue/ast/eip/cun/ssa/atrcr/web/ConAtrcrScrComputController.java","2","1672","'pstGuidVO' 처럼 파라미터 값을 직접 변경하지 말것","pmd-eclipse","AvoidReassigningParameters"
"17","kcue.ast.eip.cun.ssa.atrcr.web","src/main/java/kcue/ast/eip/cun/ssa/atrcr/web/ConComputSgc2019.java","2","1131","'courseList' 처럼 파라미터 값을 직접 변경하지 말것","pmd-eclipse","AvoidReassigningParameters"
"18","kcue.ast.eip.cun.ssa.atrcr.web","src/main/java/kcue/ast/eip/cun/ssa/atrcr/web/ConComputSgc2019.java","2","1131","'sgrdList' 처럼 파라미터 값을 직접 변경하지 말것","pmd-eclipse","AvoidReassigningParameters"
"19","kcue.ast.eip.cun.ssa.atrcr.web","src/main/java/kcue/ast/eip/cun/ssa/atrcr/web/ConComputSgc2019.java","2","1305","'courseList' 처럼 파라미터 값을 직접 변경하지 말것","pmd-eclipse","AvoidReassigningParameters"
"20","kcue.ast.eip.cun.ssa.atrcr.web","src/main/java/kcue/ast/eip/cun/ssa/atrcr/web/ConComputSgc2019.java","2","1305","'sgrdList' 처럼 파라미터 값을 직접 변경하지 말것","pmd-eclipse","AvoidReassigningParameters"
"21","kcue.ast.eip.cun.ssa.atrcr.web","src/main/java/kcue/ast/eip/cun/ssa/atrcr/web/ConComputSgc2019.java","2","1475","'courseList' 처럼 파라미터 값을 직접 변경하지 말것","pmd-eclipse","AvoidReassigningParameters"
"22","kcue.ast.eip.cun.ssa.atrcr.web","src/main/java/kcue/ast/eip/cun/ssa/atrcr/web/ConComputSgc2019.java","2","1475","'courseList' 처럼 파라미터 값을 직접 변경하지 말것","pmd-eclipse","AvoidReassigningParameters"
"23","kcue.ast.eip.cun.ssa.atrcr.web","src/main/java/kcue/ast/eip/cun/ssa/atrcr/web/ConComputSgc2019.java","2","1475","'courseList' 처럼 파라미터 값을 직접 변경하지 말것","pmd-eclipse","AvoidReassigningParameters"
"24","kcue.ast.eip.cun.ssa.atrcr.web","src/main/java/kcue/ast/eip/cun/ssa/atrcr/web/ConComputSgc2019.java","2","1516","'courseList' 처럼 파라미터 값을 직접 변경하지 말것","pmd-eclipse","AvoidReassigningParameters"
"25","kcue.ast.eip.cun.ssa.atrcr.web","src/main/java/kcue/ast/eip/cun/ssa/atrcr/web/ConComputSgc2019.java","2","1516","'courseList' 처럼 파라미터 값을 직접 변경하지 말것","pmd-eclipse","AvoidReassigningParameters"
"26","kcue.ast.eip.cun.ssa.atrcr.web","src/main/java/kcue/ast/eip/cun/ssa/atrcr/web/ConComputSgc2019.java","2","1516","'courseList' 처럼 파라미터 값을 직접 변경하지 말것","pmd-eclipse","AvoidReassigningParameters"
"27","kcue.ast.eip.cun.ssa.atrcr.web","src/main/java/kcue/ast/eip/cun/ssa/atrcr/web/ConComputSgc2019.java","1","1582","String 을 append 할 경우, String.valueOf 함수를 사용할 필요 없음.","pmd-eclipse","UselessStringValueOf"
"28","kcue.ast.eip.cun.ssa.atrcr.web","src/main/java/kcue/ast/eip/cun/ssa/atrcr/web/ConComputSgc2019.java","2","4821","'sbjectNm' 처럼 파라미터 값을 직접 변경하지 말것","pmd-eclipse","AvoidReassigningParameters"
"29","kcue.ast.eip.cun.ssa.atrcr.web","src/main/java/kcue/ast/eip/cun/ssa/atrcr/web/ConComputSgc2019.java","2","4821","'sbjectNm' 처럼 파라미터 값을 직접 변경하지 말것","pmd-eclipse","AvoidReassigningParameters"
"30","kcue.ast.eip.cun.ssa.atrcr.web","src/main/java/kcue/ast/eip/cun/ssa/atrcr/web/ConComputSgc2019.java","2","4821","'sbjectNm' 처럼 파라미터 값을 직접 변경하지 말것","pmd-eclipse","AvoidReassigningParameters"
"31","kcue.ast.eip.cun.ssa.atrcr.web","src/main/java/kcue/ast/eip/cun/ssa/atrcr/web/ConComputSgc2019.java","2","4821","'sbjectNm' 처럼 파라미터 값을 직접 변경하지 말것","pmd-eclipse","AvoidReassigningParameters"
"32","kcue.ast.eip.cun.ssa.atrcr.web","src/main/java/kcue/ast/eip/cun/ssa/atrcr/web/ConComputSgc2019.java","2","4821","'sbjectNm' 처럼 파라미터 값을 직접 변경하지 말것","pmd-eclipse","AvoidReassigningParameters"
"33","kcue.ast.eip.cun.ssa.atrcr.web","src/main/java/kcue/ast/eip/cun/ssa/atrcr/web/ConComputSgc2019.java","1","7618","배열의 값을 루프문을 이용하여 복사하는 것 보다 System.arraycopy() 메소드를 이용하여 복사하는 것이 효율적이며 수행 속도가 빠름","pmd-eclipse","AvoidArrayLoops"
"34","kcue.ast.eip.cun.ssa.atrcr.web","src/main/java/kcue/ast/eip/cun/ssa/atrcr/web/ConComputSgc2019.java","2","37453","'courseList' 처럼 파라미터 값을 직접 변경하지 말것","pmd-eclipse","AvoidReassigningParameters"
"35","kcue.ast.eip.cun.ssa.atrcr.web","src/main/java/kcue/ast/eip/cun/ssa/atrcr/web/ConComputSgc2020.java","1","50","static 필드의 안전하지않은 사용 가능성","pmd-eclipse","AssignmentToNonFinalStatic"
"36","kcue.ast.eip.cun.ssa.atrcr.web","src/main/java/kcue/ast/eip/cun/ssa/atrcr/web/ConComputSgc2020.java","1","52","static 필드의 안전하지않은 사용 가능성","pmd-eclipse","AssignmentToNonFinalStatic"
"37","kcue.ast.eip.cun.ssa.atrcr.web","src/main/java/kcue/ast/eip/cun/ssa/atrcr/web/ConComputSgc2020.java","1","54","static 필드의 안전하지않은 사용 가능성","pmd-eclipse","AssignmentToNonFinalStatic"
"38","kcue.ast.eip.cun.ssa.atrcr.web","src/main/java/kcue/ast/eip/cun/ssa/atrcr/web/ConComputSgc2020.java","1","56","static 필드의 안전하지않은 사용 가능성","pmd-eclipse","AssignmentToNonFinalStatic"
"39","kcue.ast.eip.cun.ssa.atrcr.web","src/main/java/kcue/ast/eip/cun/ssa/atrcr/web/ConComputSgc2020.java","1","58","static 필드의 안전하지않은 사용 가능성","pmd-eclipse","AssignmentToNonFinalStatic"
"40","kcue.ast.eip.cun.ssa.atrcr.web","src/main/java/kcue/ast/eip/cun/ssa/atrcr/web/ConComputSgc2020.java","1","60","static 필드의 안전하지않은 사용 가능성","pmd-eclipse","AssignmentToNonFinalStatic"
"41","kcue.ast.eip.cun.ssa.atrcr.web","src/main/java/kcue/ast/eip/cun/ssa/atrcr/web/ConComputSgc2020.java","1","62","static 필드의 안전하지않은 사용 가능성","pmd-eclipse","AssignmentToNonFinalStatic"
"42","kcue.ast.eip.cun.ssa.atrcr.web","src/main/java/kcue/ast/eip/cun/ssa/atrcr/web/ConComputSgc2020.java","1","64","static 필드의 안전하지않은 사용 가능성","pmd-eclipse","AssignmentToNonFinalStatic"
"43","kcue.ast.eip.cun.ssa.atrcr.web","src/main/java/kcue/ast/eip/cun/ssa/atrcr/web/ConComputSgc2020.java","1","66","static 필드의 안전하지않은 사용 가능성","pmd-eclipse","AssignmentToNonFinalStatic"
"44","kcue.ast.eip.cun.ssa.atrcr.web","src/main/java/kcue/ast/eip/cun/ssa/atrcr/web/ConComputSgc2020.java","1","68","static 필드의 안전하지않은 사용 가능성","pmd-eclipse","AssignmentToNonFinalStatic"
"45","kcue.ast.eip.cun.ssa.atrcr.web","src/main/java/kcue/ast/eip/cun/ssa/atrcr/web/ConComputSgc2020.java","1","70","static 필드의 안전하지않은 사용 가능성","pmd-eclipse","AssignmentToNonFinalStatic"
"46","kcue.ast.eip.cun.ssa.atrcr.web","src/main/java/kcue/ast/eip/cun/ssa/atrcr/web/ConComputSgc2020.java","1","72","static 필드의 안전하지않은 사용 가능성","pmd-eclipse","AssignmentToNonFinalStatic"
"47","kcue.ast.eip.cun.ssa.atrcr.web","src/main/java/kcue/ast/eip/cun/ssa/atrcr/web/ConComputSgc2020.java","1","74","static 필드의 안전하지않은 사용 가능성","pmd-eclipse","AssignmentToNonFinalStatic"
"48","kcue.ast.eip.cun.ssa.atrcr.web","src/main/java/kcue/ast/eip/cun/ssa/atrcr/web/ConComputSgc2020.java","1","76","static 필드의 안전하지않은 사용 가능성","pmd-eclipse","AssignmentToNonFinalStatic"
"49","kcue.ast.eip.cun.ssa.atrcr.web","src/main/java/kcue/ast/eip/cun/ssa/atrcr/web/ConComputSgc2020.java","1","78","static 필드의 안전하지않은 사용 가능성","pmd-eclipse","AssignmentToNonFinalStatic"
"50","kcue.ast.eip.cun.ssa.atrcr.web","src/main/java/kcue/ast/eip/cun/ssa/atrcr/web/ConComputSgc2020.java","1","80","static 필드의 안전하지않은 사용 가능성","pmd-eclipse","AssignmentToNonFinalStatic"
"51","kcue.ast.eip.cun.ssa.atrcr.web","src/main/java/kcue/ast/eip/cun/ssa/atrcr/web/ConComputSgc2020.java","1","82","static 필드의 안전하지않은 사용 가능성","pmd-eclipse","AssignmentToNonFinalStatic"
"52","kcue.ast.eip.cun.ssa.atrcr.web","src/main/java/kcue/ast/eip/cun/ssa/atrcr/web/ConComputSgc2020.java","1","84","static 필드의 안전하지않은 사용 가능성","pmd-eclipse","AssignmentToNonFinalStatic"
"53","kcue.ast.eip.cun.ssa.atrcr.web","src/main/java/kcue/ast/eip/cun/ssa/atrcr/web/ConComputSgc2020.java","1","86","static 필드의 안전하지않은 사용 가능성","pmd-eclipse","AssignmentToNonFinalStatic"
"54","kcue.ast.eip.cun.ssa.atrcr.web","src/main/java/kcue/ast/eip/cun/ssa/atrcr/web/ConComputSgc2020.java","1","88","static 필드의 안전하지않은 사용 가능성","pmd-eclipse","AssignmentToNonFinalStatic"
"55","kcue.ast.eip.cun.ssa.atrcr.web","src/main/java/kcue/ast/eip/cun/ssa/atrcr/web/ConComputSgc2020.java","1","90","static 필드의 안전하지않은 사용 가능성","pmd-eclipse","AssignmentToNonFinalStatic"
"56","kcue.ast.eip.cun.ssa.atrcr.web","src/main/java/kcue/ast/eip/cun/ssa/atrcr/web/ConComputSgc2020.java","1","92","static 필드의 안전하지않은 사용 가능성","pmd-eclipse","AssignmentToNonFinalStatic"
"57","kcue.ast.eip.cun.ssa.atrcr.web","src/main/java/kcue/ast/eip/cun/ssa/atrcr/web/ConComputSgc2020.java","1","94","static 필드의 안전하지않은 사용 가능성","pmd-eclipse","AssignmentToNonFinalStatic"
"58","kcue.ast.eip.cun.ssa.atrcr.web","src/main/java/kcue/ast/eip/cun/ssa/atrcr/web/ConComputSgc2020.java","1","96","static 필드의 안전하지않은 사용 가능성","pmd-eclipse","AssignmentToNonFinalStatic"
"59","kcue.ast.eip.cun.ssa.atrcr.web","src/main/java/kcue/ast/eip/cun/ssa/atrcr/web/ConComputSgc2020.java","1","100","static 필드의 안전하지않은 사용 가능성","pmd-eclipse","AssignmentToNonFinalStatic"
"60","kcue.ast.eip.cun.ssa.atrcr.web","src/main/java/kcue/ast/eip/cun/ssa/atrcr/web/ConComputSgc2020.java","1","102","static 필드의 안전하지않은 사용 가능성","pmd-eclipse","AssignmentToNonFinalStatic"
"61","kcue.ast.eip.cun.ssa.atrcr.web","src/main/java/kcue/ast/eip/cun/ssa/atrcr/web/ConComputSgc2020.java","1","112","static 필드의 안전하지않은 사용 가능성","pmd-eclipse","AssignmentToNonFinalStatic"
"62","kcue.ast.eip.cun.ssa.atrcr.web","src/main/java/kcue/ast/eip/cun/ssa/atrcr/web/ConComputSgc2020.java","1","114","static 필드의 안전하지않은 사용 가능성","pmd-eclipse","AssignmentToNonFinalStatic"
"63","kcue.ast.eip.cun.ssa.atrcr.web","src/main/java/kcue/ast/eip/cun/ssa/atrcr/web/ConComputSgc2020.java","1","116","static 필드의 안전하지않은 사용 가능성","pmd-eclipse","AssignmentToNonFinalStatic"
"64","kcue.ast.eip.cun.ssa.atrcr.web","src/main/java/kcue/ast/eip/cun/ssa/atrcr/web/ConComputSgc2020.java","1","118","static 필드의 안전하지않은 사용 가능성","pmd-eclipse","AssignmentToNonFinalStatic"
"65","kcue.ast.eip.cun.ssa.atrcr.web","src/main/java/kcue/ast/eip/cun/ssa/atrcr/web/ConComputSgc2020.java","1","121","static 필드의 안전하지않은 사용 가능성","pmd-eclipse","AssignmentToNonFinalStatic"
"66","kcue.ast.eip.cun.ssa.atrcr.web","src/main/java/kcue/ast/eip/cun/ssa/atrcr/web/ConComputSgc2020.java","1","124","static 필드의 안전하지않은 사용 가능성","pmd-eclipse","AssignmentToNonFinalStatic"
"67","kcue.ast.eip.cun.ssa.atrcr.web","src/main/java/kcue/ast/eip/cun/ssa/atrcr/web/ConComputSgc2020.java","1","126","static 필드의 안전하지않은 사용 가능성","pmd-eclipse","AssignmentToNonFinalStatic"
"68","kcue.ast.eip.cun.ssa.atrcr.web","src/main/java/kcue/ast/eip/cun/ssa/atrcr/web/ConComputSgc2020.java","1","128","static 필드의 안전하지않은 사용 가능성","pmd-eclipse","AssignmentToNonFinalStatic"
"69","kcue.ast.eip.cun.ssa.atrcr.web","src/main/java/kcue/ast/eip/cun/ssa/atrcr/web/ConComputSgc2020.java","1","130","static 필드의 안전하지않은 사용 가능성","pmd-eclipse","AssignmentToNonFinalStatic"
"70","kcue.ast.eip.cun.ssa.atrcr.web","src/main/java/kcue/ast/eip/cun/ssa/atrcr/web/ConComputSgc2020.java","1","132","static 필드의 안전하지않은 사용 가능성","pmd-eclipse","AssignmentToNonFinalStatic"
"71","kcue.ast.eip.cun.ssa.atrcr.web","src/main/java/kcue/ast/eip/cun/ssa/atrcr/web/ConComputSgc2020.java","1","134","static 필드의 안전하지않은 사용 가능성","pmd-eclipse","AssignmentToNonFinalStatic"
"72","kcue.ast.eip.cun.ssa.atrcr.web","src/main/java/kcue/ast/eip/cun/ssa/atrcr/web/ConComputSgc2020.java","1","136","static 필드의 안전하지않은 사용 가능성","pmd-eclipse","AssignmentToNonFinalStatic"
"73","kcue.ast.eip.cun.ssa.atrcr.web","src/main/java/kcue/ast/eip/cun/ssa/atrcr/web/ConComputSgc2020.java","1","138","static 필드의 안전하지않은 사용 가능성","pmd-eclipse","AssignmentToNonFinalStatic"
"74","kcue.ast.eip.cun.ssa.atrcr.web","src/main/java/kcue/ast/eip/cun/ssa/atrcr/web/ConComputSgc2020.java","1","146","static 필드의 안전하지않은 사용 가능성","pmd-eclipse","AssignmentToNonFinalStatic"
"75","kcue.ast.eip.cun.ssa.atrcr.web","src/main/java/kcue/ast/eip/cun/ssa/atrcr/web/ConComputSgc2020.java","1","149","static 필드의 안전하지않은 사용 가능성","pmd-eclipse","AssignmentToNonFinalStatic"
"76","kcue.ast.eip.cun.ssa.atrcr.web","src/main/java/kcue/ast/eip/cun/ssa/atrcr/web/ConComputSgc2020.java","1","152","static 필드의 안전하지않은 사용 가능성","pmd-eclipse","AssignmentToNonFinalStatic"
"77","kcue.ast.eip.cun.ssa.atrcr.web","src/main/java/kcue/ast/eip/cun/ssa/atrcr/web/ConComputSgc2020.java","2","1135","'courseList' 처럼 파라미터 값을 직접 변경하지 말것","pmd-eclipse","AvoidReassigningParameters"
"78","kcue.ast.eip.cun.ssa.atrcr.web","src/main/java/kcue/ast/eip/cun/ssa/atrcr/web/ConComputSgc2020.java","2","1135","'sgrdList' 처럼 파라미터 값을 직접 변경하지 말것","pmd-eclipse","AvoidReassigningParameters"
"79","kcue.ast.eip.cun.ssa.atrcr.web","src/main/java/kcue/ast/eip/cun/ssa/atrcr/web/ConComputSgc2020.java","2","1309","'courseList' 처럼 파라미터 값을 직접 변경하지 말것","pmd-eclipse","AvoidReassigningParameters"
"80","kcue.ast.eip.cun.ssa.atrcr.web","src/main/java/kcue/ast/eip/cun/ssa/atrcr/web/ConComputSgc2020.java","2","1309","'sgrdList' 처럼 파라미터 값을 직접 변경하지 말것","pmd-eclipse","AvoidReassigningParameters"
"81","kcue.ast.eip.cun.ssa.atrcr.web","src/main/java/kcue/ast/eip/cun/ssa/atrcr/web/ConComputSgc2020.java","2","1479","'courseList' 처럼 파라미터 값을 직접 변경하지 말것","pmd-eclipse","AvoidReassigningParameters"
"82","kcue.ast.eip.cun.ssa.atrcr.web","src/main/java/kcue/ast/eip/cun/ssa/atrcr/web/ConComputSgc2020.java","2","1479","'courseList' 처럼 파라미터 값을 직접 변경하지 말것","pmd-eclipse","AvoidReassigningParameters"
"83","kcue.ast.eip.cun.ssa.atrcr.web","src/main/java/kcue/ast/eip/cun/ssa/atrcr/web/ConComputSgc2020.java","2","1479","'courseList' 처럼 파라미터 값을 직접 변경하지 말것","pmd-eclipse","AvoidReassigningParameters"
"84","kcue.ast.eip.cun.ssa.atrcr.web","src/main/java/kcue/ast/eip/cun/ssa/atrcr/web/ConComputSgc2020.java","2","1520","'courseList' 처럼 파라미터 값을 직접 변경하지 말것","pmd-eclipse","AvoidReassigningParameters"
"85","kcue.ast.eip.cun.ssa.atrcr.web","src/main/java/kcue/ast/eip/cun/ssa/atrcr/web/ConComputSgc2020.java","2","1520","'courseList' 처럼 파라미터 값을 직접 변경하지 말것","pmd-eclipse","AvoidReassigningParameters"
"86","kcue.ast.eip.cun.ssa.atrcr.web","src/main/java/kcue/ast/eip/cun/ssa/atrcr/web/ConComputSgc2020.java","2","1520","'courseList' 처럼 파라미터 값을 직접 변경하지 말것","pmd-eclipse","AvoidReassigningParameters"
"87","kcue.ast.eip.cun.ssa.atrcr.web","src/main/java/kcue/ast/eip/cun/ssa/atrcr/web/ConComputSgc2020.java","1","1586","String 을 append 할 경우, String.valueOf 함수를 사용할 필요 없음.","pmd-eclipse","UselessStringValueOf"
"88","kcue.ast.eip.cun.ssa.atrcr.web","src/main/java/kcue/ast/eip/cun/ssa/atrcr/web/ConComputSgc2020.java","2","1607","'sbjectNm' 처럼 파라미터 값을 직접 변경하지 말것","pmd-eclipse","AvoidReassigningParameters"
"89","kcue.ast.eip.cun.ssa.atrcr.web","src/main/java/kcue/ast/eip/cun/ssa/atrcr/web/ConComputSgc2020.java","2","1607","'sbjectNm' 처럼 파라미터 값을 직접 변경하지 말것","pmd-eclipse","AvoidReassigningParameters"
"90","kcue.ast.eip.cun.ssa.atrcr.web","src/main/java/kcue/ast/eip/cun/ssa/atrcr/web/ConComputSgc2020.java","2","1607","'sbjectNm' 처럼 파라미터 값을 직접 변경하지 말것","pmd-eclipse","AvoidReassigningParameters"
"91","kcue.ast.eip.cun.ssa.atrcr.web","src/main/java/kcue/ast/eip/cun/ssa/atrcr/web/ConComputSgc2020.java","2","1607","'sbjectNm' 처럼 파라미터 값을 직접 변경하지 말것","pmd-eclipse","AvoidReassigningParameters"
"92","kcue.ast.eip.cun.ssa.atrcr.web","src/main/java/kcue/ast/eip/cun/ssa/atrcr/web/ConComputSgc2020.java","2","1607","'sbjectNm' 처럼 파라미터 값을 직접 변경하지 말것","pmd-eclipse","AvoidReassigningParameters"
"93","kcue.ast.eip.cun.ssa.atrcr.web","src/main/java/kcue/ast/eip/cun/ssa/atrcr/web/ConComputSgc2020.java","2","2275","'courseList' 처럼 파라미터 값을 직접 변경하지 말것","pmd-eclipse","AvoidReassigningParameters"
"94","kcue.ast.eip.cun.ssa.atrcr.web","src/main/java/kcue/ast/eip/cun/ssa/atrcr/web/ConComputSgcOrg2020.java","2","1274","'courseList' 처럼 파라미터 값을 직접 변경하지 말것","pmd-eclipse","AvoidReassigningParameters"
"95","kcue.ast.eip.cun.ssa.atrcr.web","src/main/java/kcue/ast/eip/cun/ssa/atrcr/web/ConComputSgcOrg2020.java","2","1274","'sgrdList' 처럼 파라미터 값을 직접 변경하지 말것","pmd-eclipse","AvoidReassigningParameters"
"96","kcue.ast.eip.cun.ssa.atrcr.web","src/main/java/kcue/ast/eip/cun/ssa/atrcr/web/ConComputSgcOrg2020.java","2","1498","'courseList' 처럼 파라미터 값을 직접 변경하지 말것","pmd-eclipse","AvoidReassigningParameters"
"97","kcue.ast.eip.cun.ssa.atrcr.web","src/main/java/kcue/ast/eip/cun/ssa/atrcr/web/ConComputSgcOrg2020.java","2","1499","'sgrdList' 처럼 파라미터 값을 직접 변경하지 말것","pmd-eclipse","AvoidReassigningParameters"
"98","kcue.ast.eip.cun.ssa.atrcr.web","src/main/java/kcue/ast/eip/cun/ssa/atrcr/web/ConComputSgcOrg2020.java","2","1718","'courseList' 처럼 파라미터 값을 직접 변경하지 말것","pmd-eclipse","AvoidReassigningParameters"
"99","kcue.ast.eip.cun.ssa.atrcr.web","src/main/java/kcue/ast/eip/cun/ssa/atrcr/web/ConComputSgcOrg2020.java","2","1718","'courseList' 처럼 파라미터 값을 직접 변경하지 말것","pmd-eclipse","AvoidReassigningParameters"
"100","kcue.ast.eip.cun.ssa.atrcr.web","src/main/java/kcue/ast/eip/cun/ssa/atrcr/web/ConComputSgcOrg2020.java","2","1718","'courseList' 처럼 파라미터 값을 직접 변경하지 말것","pmd-eclipse","AvoidReassigningParameters"
"101","kcue.ast.eip.cun.ssa.atrcr.web","src/main/java/kcue/ast/eip/cun/ssa/atrcr/web/ConComputSgcOrg2020.java","2","1763","'courseList' 처럼 파라미터 값을 직접 변경하지 말것","pmd-eclipse","AvoidReassigningParameters"
"102","kcue.ast.eip.cun.ssa.atrcr.web","src/main/java/kcue/ast/eip/cun/ssa/atrcr/web/ConComputSgcOrg2020.java","2","1763","'courseList' 처럼 파라미터 값을 직접 변경하지 말것","pmd-eclipse","AvoidReassigningParameters"
"103","kcue.ast.eip.cun.ssa.atrcr.web","src/main/java/kcue/ast/eip/cun/ssa/atrcr/web/ConComputSgcOrg2020.java","2","1763","'courseList' 처럼 파라미터 값을 직접 변경하지 말것","pmd-eclipse","AvoidReassigningParameters"
"104","kcue.ast.eip.cun.ssa.atrcr.web","src/main/java/kcue/ast/eip/cun/ssa/atrcr/web/ConComputSgcOrg2020.java","1","1831","String 을 append 할 경우, String.valueOf 함수를 사용할 필요 없음.","pmd-eclipse","UselessStringValueOf"
"105","kcue.ast.eip.cun.ssa.atrcr.web","src/main/java/kcue/ast/eip/cun/ssa/atrcr/web/ConComputSgcOrg2020.java","2","1853","'sbjectNm' 처럼 파라미터 값을 직접 변경하지 말것","pmd-eclipse","AvoidReassigningParameters"
"106","kcue.ast.eip.cun.ssa.atrcr.web","src/main/java/kcue/ast/eip/cun/ssa/atrcr/web/ConComputSgcOrg2020.java","2","1853","'sbjectNm' 처럼 파라미터 값을 직접 변경하지 말것","pmd-eclipse","AvoidReassigningParameters"
"107","kcue.ast.eip.cun.ssa.atrcr.web","src/main/java/kcue/ast/eip/cun/ssa/atrcr/web/ConComputSgcOrg2020.java","2","1853","'sbjectNm' 처럼 파라미터 값을 직접 변경하지 말것","pmd-eclipse","AvoidReassigningParameters"
"108","kcue.ast.eip.cun.ssa.atrcr.web","src/main/java/kcue/ast/eip/cun/ssa/atrcr/web/ConComputSgcOrg2020.java","2","1853","'sbjectNm' 처럼 파라미터 값을 직접 변경하지 말것","pmd-eclipse","AvoidReassigningParameters"
"109","kcue.ast.eip.cun.ssa.atrcr.web","src/main/java/kcue/ast/eip/cun/ssa/atrcr/web/ConComputSgcOrg2020.java","2","1853","'sbjectNm' 처럼 파라미터 값을 직접 변경하지 말것","pmd-eclipse","AvoidReassigningParameters"
"110","kcue.ast.eip.cun.ssa.atrcr.web","src/main/java/kcue/ast/eip/cun/ssa/atrcr/web/ConComputSgcOrg2020.java","2","2644","'courseList' 처럼 파라미터 값을 직접 변경하지 말것","pmd-eclipse","AvoidReassigningParameters"
"111","kcue.ast.eip.cun.ssa.atrcr.web","src/main/java/kcue/ast/eip/cun/ssa/atrcr/web/ConComputSgcOrg2020.java","1","40364","배열의 값을 루프문을 이용하여 복사하는 것 보다 System.arraycopy() 메소드를 이용하여 복사하는 것이 효율적이며 수행 속도가 빠름","pmd-eclipse","AvoidArrayLoops"
"112","kcue.ast.eip.cun.ssa.atrcr.web","src/main/java/kcue/ast/eip/cun/ssa/atrcr/web/ConComputSgcOrg2020.java","1","41017","배열의 값을 루프문을 이용하여 복사하는 것 보다 System.arraycopy() 메소드를 이용하여 복사하는 것이 효율적이며 수행 속도가 빠름","pmd-eclipse","AvoidArrayLoops"
"113","kcue.ast.eip.cun.ssa.atrcr.web","src/main/java/kcue/ast/eip/cun/ssa/atrcr/web/ConComputSgcOrg2021.java","2","1274","'courseList' 처럼 파라미터 값을 직접 변경하지 말것","pmd-eclipse","AvoidReassigningParameters"
"114","kcue.ast.eip.cun.ssa.atrcr.web","src/main/java/kcue/ast/eip/cun/ssa/atrcr/web/ConComputSgcOrg2021.java","2","1274","'sgrdList' 처럼 파라미터 값을 직접 변경하지 말것","pmd-eclipse","AvoidReassigningParameters"
"115","kcue.ast.eip.cun.ssa.atrcr.web","src/main/java/kcue/ast/eip/cun/ssa/atrcr/web/ConComputSgcOrg2021.java","2","1498","'courseList' 처럼 파라미터 값을 직접 변경하지 말것","pmd-eclipse","AvoidReassigningParameters"
"116","kcue.ast.eip.cun.ssa.atrcr.web","src/main/java/kcue/ast/eip/cun/ssa/atrcr/web/ConComputSgcOrg2021.java","2","1499","'sgrdList' 처럼 파라미터 값을 직접 변경하지 말것","pmd-eclipse","AvoidReassigningParameters"
"117","kcue.ast.eip.cun.ssa.atrcr.web","src/main/java/kcue/ast/eip/cun/ssa/atrcr/web/ConComputSgcOrg2021.java","2","1718","'courseList' 처럼 파라미터 값을 직접 변경하지 말것","pmd-eclipse","AvoidReassigningParameters"
"118","kcue.ast.eip.cun.ssa.atrcr.web","src/main/java/kcue/ast/eip/cun/ssa/atrcr/web/ConComputSgcOrg2021.java","2","1718","'courseList' 처럼 파라미터 값을 직접 변경하지 말것","pmd-eclipse","AvoidReassigningParameters"
"119","kcue.ast.eip.cun.ssa.atrcr.web","src/main/java/kcue/ast/eip/cun/ssa/atrcr/web/ConComputSgcOrg2021.java","2","1718","'courseList' 처럼 파라미터 값을 직접 변경하지 말것","pmd-eclipse","AvoidReassigningParameters"
"120","kcue.ast.eip.cun.ssa.atrcr.web","src/main/java/kcue/ast/eip/cun/ssa/atrcr/web/ConComputSgcOrg2021.java","2","1763","'courseList' 처럼 파라미터 값을 직접 변경하지 말것","pmd-eclipse","AvoidReassigningParameters"
"121","kcue.ast.eip.cun.ssa.atrcr.web","src/main/java/kcue/ast/eip/cun/ssa/atrcr/web/ConComputSgcOrg2021.java","2","1763","'courseList' 처럼 파라미터 값을 직접 변경하지 말것","pmd-eclipse","AvoidReassigningParameters"
"122","kcue.ast.eip.cun.ssa.atrcr.web","src/main/java/kcue/ast/eip/cun/ssa/atrcr/web/ConComputSgcOrg2021.java","2","1763","'courseList' 처럼 파라미터 값을 직접 변경하지 말것","pmd-eclipse","AvoidReassigningParameters"
"123","kcue.ast.eip.cun.ssa.atrcr.web","src/main/java/kcue/ast/eip/cun/ssa/atrcr/web/ConComputSgcOrg2021.java","1","1831","String 을 append 할 경우, String.valueOf 함수를 사용할 필요 없음.","pmd-eclipse","UselessStringValueOf"
"124","kcue.ast.eip.cun.ssa.atrcr.web","src/main/java/kcue/ast/eip/cun/ssa/atrcr/web/ConComputSgcOrg2021.java","2","1853","'sbjectNm' 처럼 파라미터 값을 직접 변경하지 말것","pmd-eclipse","AvoidReassigningParameters"
"125","kcue.ast.eip.cun.ssa.atrcr.web","src/main/java/kcue/ast/eip/cun/ssa/atrcr/web/ConComputSgcOrg2021.java","2","1853","'sbjectNm' 처럼 파라미터 값을 직접 변경하지 말것","pmd-eclipse","AvoidReassigningParameters"
"126","kcue.ast.eip.cun.ssa.atrcr.web","src/main/java/kcue/ast/eip/cun/ssa/atrcr/web/ConComputSgcOrg2021.java","2","1853","'sbjectNm' 처럼 파라미터 값을 직접 변경하지 말것","pmd-eclipse","AvoidReassigningParameters"
"127","kcue.ast.eip.cun.ssa.atrcr.web","src/main/java/kcue/ast/eip/cun/ssa/atrcr/web/ConComputSgcOrg2021.java","2","1853","'sbjectNm' 처럼 파라미터 값을 직접 변경하지 말것","pmd-eclipse","AvoidReassigningParameters"
"128","kcue.ast.eip.cun.ssa.atrcr.web","src/main/java/kcue/ast/eip/cun/ssa/atrcr/web/ConComputSgcOrg2021.java","2","1853","'sbjectNm' 처럼 파라미터 값을 직접 변경하지 말것","pmd-eclipse","AvoidReassigningParameters"
"129","kcue.ast.eip.cun.ssa.atrcr.web","src/main/java/kcue/ast/eip/cun/ssa/atrcr/web/ConComputSgcOrg2021.java","2","2644","'courseList' 처럼 파라미터 값을 직접 변경하지 말것","pmd-eclipse","AvoidReassigningParameters"
"130","kcue.ast.eip.cun.ssa.atrcr.web","src/main/java/kcue/ast/eip/cun/ssa/atrcr/web/ConSgc2020Univ0000000.java","1","22","빈 Method에 주석을 추가할것","pmd-eclipse","UncommentedEmptyMethod"
"131","kcue.ast.eip.cun.ssa.atrcr.web","src/main/java/kcue/ast/eip/cun/ssa/atrcr/web/ConSgc2020Univ0000037.java","1","71","배열의 값을 루프문을 이용하여 복사하는 것 보다 System.arraycopy() 메소드를 이용하여 복사하는 것이 효율적이며 수행 속도가 빠름","pmd-eclipse","AvoidArrayLoops"
"132","kcue.ast.eip.cun.ssa.atrcr.web","src/main/java/kcue/ast/eip/cun/ssa/atrcr/web/ConSgc2020Univ0000198.java","1","195","배열의 값을 루프문을 이용하여 복사하는 것 보다 System.arraycopy() 메소드를 이용하여 복사하는 것이 효율적이며 수행 속도가 빠름","pmd-eclipse","AvoidArrayLoops"
"133","kcue.ast.eip.cun.ssa.atrcr.web","src/main/java/kcue/ast/eip/cun/ssa/atrcr/web/ConSgc2020Univ0000252.java","1","5","빈 Method에 주석을 추가할것","pmd-eclipse","UncommentedEmptyMethod"
"134","kcue.ast.eip.cun.ssa.ftrc.web","src/main/java/kcue/ast/eip/cun/ssa/ftrc/web/ConComputCsat2019.java","1","2122","String 을 append 할 경우, String.valueOf 함수를 사용할 필요 없음.","pmd-eclipse","UselessStringValueOf"
"135","kcue.ast.eip.cun.ssa.ftrc.web","src/main/java/kcue/ast/eip/cun/ssa/ftrc/web/ConComputCsat2019.java","2","2683","'courseList' 처럼 파라미터 값을 직접 변경하지 말것","pmd-eclipse","AvoidReassigningParameters"
"136","kcue.ast.eip.cun.ssa.ftrc.web","src/main/java/kcue/ast/eip/cun/ssa/ftrc/web/ConComputCsat2019.java","2","2683","'sgrdList' 처럼 파라미터 값을 직접 변경하지 말것","pmd-eclipse","AvoidReassigningParameters"
"137","kcue.ast.eip.cun.ssa.ftrc.web","src/main/java/kcue/ast/eip/cun/ssa/ftrc/web/ConComputCsat2019.java","2","58093","'courseList' 처럼 파라미터 값을 직접 변경하지 말것","pmd-eclipse","AvoidReassigningParameters"
"138","kcue.ast.eip.cun.ssa.ftrc.web","src/main/java/kcue/ast/eip/cun/ssa/ftrc/web/ConComputCsat2019.java","2","58093","'courseList' 처럼 파라미터 값을 직접 변경하지 말것","pmd-eclipse","AvoidReassigningParameters"
"139","kcue.ast.eip.cun.ssa.ftrc.web","src/main/java/kcue/ast/eip/cun/ssa/ftrc/web/ConComputCsat2019.java","2","58093","'courseList' 처럼 파라미터 값을 직접 변경하지 말것","pmd-eclipse","AvoidReassigningParameters"
"140","kcue.ast.eip.cun.ssa.ftrc.web","src/main/java/kcue/ast/eip/cun/ssa/ftrc/web/ConComputCsat2020.java","1","2126","String 을 append 할 경우, String.valueOf 함수를 사용할 필요 없음.","pmd-eclipse","UselessStringValueOf"
"141","kcue.ast.eip.cun.ssa.ftrc.web","src/main/java/kcue/ast/eip/cun/ssa/ftrc/web/ConComputCsat2020.java","2","2687","'courseList' 처럼 파라미터 값을 직접 변경하지 말것","pmd-eclipse","AvoidReassigningParameters"
"142","kcue.ast.eip.cun.ssa.ftrc.web","src/main/java/kcue/ast/eip/cun/ssa/ftrc/web/ConComputCsat2020.java","2","2687","'sgrdList' 처럼 파라미터 값을 직접 변경하지 말것","pmd-eclipse","AvoidReassigningParameters"
"143","kcue.ast.eip.cun.ssa.ftrc.web","src/main/java/kcue/ast/eip/cun/ssa/ftrc/web/ConComputCsat2020.java","2","6798","'courseList' 처럼 파라미터 값을 직접 변경하지 말것","pmd-eclipse","AvoidReassigningParameters"
"144","kcue.ast.eip.cun.ssa.ftrc.web","src/main/java/kcue/ast/eip/cun/ssa/ftrc/web/ConComputCsat2020.java","2","6798","'courseList' 처럼 파라미터 값을 직접 변경하지 말것","pmd-eclipse","AvoidReassigningParameters"
"145","kcue.ast.eip.cun.ssa.ftrc.web","src/main/java/kcue/ast/eip/cun/ssa/ftrc/web/ConComputCsat2020.java","2","6798","'courseList' 처럼 파라미터 값을 직접 변경하지 말것","pmd-eclipse","AvoidReassigningParameters"
"146","kcue.ast.eip.cun.ssa.ftrc.web","src/main/java/kcue/ast/eip/cun/ssa/ftrc/web/ConComputCsat2020.java","1","59224","필요없는 문장 (;)이 있음","pmd-eclipse","EmptyStatementNotInLoop"
"147","kcue.ast.eip.cun.ssa.ftrc.web","src/main/java/kcue/ast/eip/cun/ssa/ftrc/web/ConComputCsat2020.java","1","59260","필요없는 문장 (;)이 있음","pmd-eclipse","EmptyStatementNotInLoop"
"148","kcue.ast.eip.cun.ssa.ftrc.web","src/main/java/kcue/ast/eip/cun/ssa/ftrc/web/ConComputCsat2021.java","1","2126","String 을 append 할 경우, String.valueOf 함수를 사용할 필요 없음.","pmd-eclipse","UselessStringValueOf"
"149","kcue.ast.eip.cun.ssa.ftrc.web","src/main/java/kcue/ast/eip/cun/ssa/ftrc/web/ConComputCsat2021.java","2","2687","'courseList' 처럼 파라미터 값을 직접 변경하지 말것","pmd-eclipse","AvoidReassigningParameters"
"150","kcue.ast.eip.cun.ssa.ftrc.web","src/main/java/kcue/ast/eip/cun/ssa/ftrc/web/ConComputCsat2021.java","2","2687","'sgrdList' 처럼 파라미터 값을 직접 변경하지 말것","pmd-eclipse","AvoidReassigningParameters"
"151","kcue.ast.eip.cun.ssa.ftrc.web","src/main/java/kcue/ast/eip/cun/ssa/ftrc/web/ConComputCsat2021.java","2","6798","'courseList' 처럼 파라미터 값을 직접 변경하지 말것","pmd-eclipse","AvoidReassigningParameters"
"152","kcue.ast.eip.cun.ssa.ftrc.web","src/main/java/kcue/ast/eip/cun/ssa/ftrc/web/ConComputCsat2021.java","2","6798","'courseList' 처럼 파라미터 값을 직접 변경하지 말것","pmd-eclipse","AvoidReassigningParameters"
"153","kcue.ast.eip.cun.ssa.ftrc.web","src/main/java/kcue/ast/eip/cun/ssa/ftrc/web/ConComputCsat2021.java","2","6798","'courseList' 처럼 파라미터 값을 직접 변경하지 말것","pmd-eclipse","AvoidReassigningParameters"
"154","kcue.ast.eip.eis.cnslt.schdul.service.impl","src/main/java/kcue/ast/eip/eis/cnslt/schdul/service/impl/EipCnsltSchdulServiceImpl.java","2","42","사용되지 않는 Private field 'log' 가 선언되었음","pmd-eclipse","UnusedPrivateField"
"155","kcue.ast.eip.eis.cnslt.schdul.web","src/main/java/kcue/ast/eip/eis/cnslt/schdul/web/EipCnsltSchdulController.java","1","83","SimpleDateFormat 인스턴스를 생성할때 Locale 을 지정하는 것이 바람직함","pmd-eclipse","SimpleDateFormatNeedsLocale"
"156","kcue.ast.eip.eis.cnslt.telresve.web","src/main/java/kcue/ast/eip/eis/cnslt/telresve/web/EipTelResveCnsltController.java","2","548","'sn' 처럼  사용되지 않는  'method' 파라미터가 있음","pmd-eclipse","UnusedFormalParameter"
"157","kcue.ast.eip.eis.cnslt.telresve.web","src/main/java/kcue/ast/eip/eis/cnslt/telresve/web/EipTelResveCnsltController.java","2","548","사용되지 않는 Private Method 'parseInt(int)' 가 선언되었음","pmd-eclipse","UnusedPrivateMethod"
"158","kcue.ast.eip.eis.cnslt.telunvent.web","src/main/java/kcue/ast/eip/eis/cnslt/telunvent/web/EipTelUnivCnsltController.java","2","59","사용되지 않는 Private field 'messageSource' 가 선언되었음","pmd-eclipse","UnusedPrivateField"
"159","kcue.ast.eip.eis.cnslt.workpsi.service.impl","src/main/java/kcue/ast/eip/eis/cnslt/workpsi/service/impl/EipWorkPsiServiceImpl.java","1","195","Switch구문에는 반드시 default label이 있어야 함","pmd-eclipse","SwitchStmtsShouldHaveDefault"
"160","kcue.ast.eip.eis.cnslt.workpsi.web","src/main/java/kcue/ast/eip/eis/cnslt/workpsi/web/EipWorkPsiController.java","2","38","사용되지 않는 Private field 'log' 가 선언되었음","pmd-eclipse","UnusedPrivateField"
"161","kcue.ast.eip.eis.cnslt.workpsi.web","src/main/java/kcue/ast/eip/eis/cnslt/workpsi/web/EipWorkPsiController.java","2","49","사용되지 않는 Private field 'messageSource' 가 선언되었음","pmd-eclipse","UnusedPrivateField"
"162","kcue.ast.eip.eis.cstmr.useinqry.service","src/main/java/kcue/ast/eip/eis/cstmr/useinqry/service/EipAnsQestnVO.java","2","98","사용되지 않는 Private field 'searchThrExtField' 가 선언되었음","pmd-eclipse","UnusedPrivateField"
"163","kcue.ast.eip.eis.inf.coseinf.web","src/main/java/kcue/ast/eip/eis/inf/coseinf/web/EipCoseInfOccpClController.java","1","498","System.out.print 가 사용됨.","pmd-eclipse","SystemPrintln"
"164","kcue.ast.eip.eis.inf.coseinf.web","src/main/java/kcue/ast/eip/eis/inf/coseinf/web/EipCoseInfOccpClController.java","1","502","System.out.print 가 사용됨.","pmd-eclipse","SystemPrintln"
"165","kcue.ast.eip.eis.inf.coseinf.web","src/main/java/kcue/ast/eip/eis/inf/coseinf/web/EipCoseInfOccpClController.java","1","1184","빈 if 구문의 사용을 피하도록 함","pmd-eclipse","EmptyIfStmt"
"166","kcue.ast.eip.eis.inf.selctninf.web","src/main/java/kcue/ast/eip/eis/inf/selctninf/web/EipSelctnInfSelScheMthGnrlController.java","1","152","SimpleDateFormat 인스턴스를 생성할때 Locale 을 지정하는 것이 바람직함","pmd-eclipse","SimpleDateFormatNeedsLocale"
"167","kcue.ast.eip.eis.inf.selctninf.web","src/main/java/kcue/ast/eip/eis/inf/selctninf/web/EipSelctnInfSelScheMthGnrlController.java","1","272","SimpleDateFormat 인스턴스를 생성할때 Locale 을 지정하는 것이 바람직함","pmd-eclipse","SimpleDateFormatNeedsLocale"
"168","kcue.ast.eip.eis.inf.univinf.web","src/main/java/kcue/ast/eip/eis/inf/univinf/web/EipUinfStdptSelctnController.java","2","60","사용되지 않는 Private field 'messageSource' 가 선언되었음","pmd-eclipse","UnusedPrivateField"
"169","kcue.ast.eip.eis.inf.univinf.web","src/main/java/kcue/ast/eip/eis/inf/univinf/web/EipUinfStdptSelctnController.java","2","63","사용되지 않는 Private field 'log' 가 선언되었음","pmd-eclipse","UnusedPrivateField"
"170","kcue.ast.eip.eis.mypge.certify.web","src/main/java/kcue/ast/eip/eis/mypge/certify/web/EipMyCertifyController.java","2","47","'certi_se_cd' 처럼 파라미터 값을 직접 변경하지 말것","pmd-eclipse","AvoidReassigningParameters"
"171","kcue.ast.eip.eis.mypge.certify.web","src/main/java/kcue/ast/eip/eis/mypge/certify/web/EipMyCertifyController.java","2","80","'certi_se_cd' 처럼 파라미터 값을 직접 변경하지 말것","pmd-eclipse","AvoidReassigningParameters"
"172","kcue.ast.eip.eis.mypge.chldrnentsch.web","src/main/java/kcue/ast/eip/eis/mypge/chldrnentsch/web/EipEntschAsstnReqController.java","2","153","'certi_se_cd' 처럼 파라미터 값을 직접 변경하지 말것","pmd-eclipse","AvoidReassigningParameters"
"173","kcue.ast.eip.eis.mypge.chldrnentsch.web","src/main/java/kcue/ast/eip/eis/mypge/chldrnentsch/web/EipEntschAsstnReqController.java","2","191","'certi_se_cd' 처럼 파라미터 값을 직접 변경하지 말것","pmd-eclipse","AvoidReassigningParameters"
"174","kcue.ast.eip.eis.mypge.chldrnentsch.web","src/main/java/kcue/ast/eip/eis/mypge/chldrnentsch/web/EipEntschAsstnReqController.java","1","377","빈 if 구문의 사용을 피하도록 함","pmd-eclipse","EmptyIfStmt"
"175","kcue.ast.eip.eis.mypge.chldrnentsch.web","src/main/java/kcue/ast/eip/eis/mypge/chldrnentsch/web/EipEntschAsstnReqController.java","2","410","'tab' 처럼 파라미터 값을 직접 변경하지 말것","pmd-eclipse","AvoidReassigningParameters"
"176","kcue.ast.eip.eis.mypge.goalunivschul.web","src/main/java/kcue/ast/eip/eis/mypge/goalunivschul/web/EipGoalUnivSchdulController.java","1","85","SimpleDateFormat 인스턴스를 생성할때 Locale 을 지정하는 것이 바람직함","pmd-eclipse","SimpleDateFormatNeedsLocale"
"177","kcue.ast.eip.eis.mypge.schdul.web","src/main/java/kcue/ast/eip/eis/mypge/schdul/web/EipCldrExController.java","1","90","SimpleDateFormat 인스턴스를 생성할때 Locale 을 지정하는 것이 바람직함","pmd-eclipse","SimpleDateFormatNeedsLocale"
"178","kcue.ast.eip.eis.mypge.schdul.web","src/main/java/kcue/ast/eip/eis/mypge/schdul/web/EipCldrExController.java","1","265","SimpleDateFormat 인스턴스를 생성할때 Locale 을 지정하는 것이 바람직함","pmd-eclipse","SimpleDateFormatNeedsLocale"
"179","kcue.ast.eip.eis.mypge.submainpge.web","src/main/java/kcue/ast/eip/eis/mypge/submainpge/web/EipSubMainController.java","2","53","사용되지 않는 Private field 'messageSource' 가 선언되었음","pmd-eclipse","UnusedPrivateField"
"180","kcue.ast.eip.eis.mypge.violtinf.web","src/main/java/kcue/ast/eip/eis/mypge/violtinf/web/EipMyVioltInfCnController.java","2","75","'certify_yn' 처럼 파라미터 값을 직접 변경하지 말것","pmd-eclipse","AvoidReassigningParameters"
"181","kcue.ast.eip.eis.mypge.violtinf.web","src/main/java/kcue/ast/eip/eis/mypge/violtinf/web/EipMyVioltInfCnController.java","2","164","'certi_se_cd' 처럼 파라미터 값을 직접 변경하지 말것","pmd-eclipse","AvoidReassigningParameters"
"182","kcue.ast.eip.eis.mypge.violtinf.web","src/main/java/kcue/ast/eip/eis/mypge/violtinf/web/EipMyVioltInfCnController.java","2","215","'certi_se_cd' 처럼 파라미터 값을 직접 변경하지 말것","pmd-eclipse","AvoidReassigningParameters"
"183","kcue.ast.eip.eis.presnatn.expo.web","src/main/java/kcue/ast/eip/eis/presnatn/expo/web/EipUnventInfExhbListController.java","1","92","빈 if 구문의 사용을 피하도록 함","pmd-eclipse","EmptyIfStmt"
"184","kcue.ast.eip.eis.presnatn.schdul.web","src/main/java/kcue/ast/eip/eis/presnatn/schdul/web/EipPresnatnSchdulController.java","1","86","SimpleDateFormat 인스턴스를 생성할때 Locale 을 지정하는 것이 바람직함","pmd-eclipse","SimpleDateFormatNeedsLocale"
"185","kcue.ast.eip.eis.search.object","src/main/java/kcue/ast/eip/eis/search/object/EipPeriodPopularObject.java","2","67","가공되지 않은 Exception을 throw하는 것은 비추천","pmd-eclipse","AvoidThrowingRawExceptionTypes"
"186","kcue.ast.eip.eis.search.object","src/main/java/kcue/ast/eip/eis/search/object/EipPopularObject.java","2","55","가공되지 않은 Exception을 throw하는 것은 비추천","pmd-eclipse","AvoidThrowingRawExceptionTypes"
"187","kcue.ast.eip.eis.search.object","src/main/java/kcue/ast/eip/eis/search/object/EipSearchClickLogObject.java","2","36","사용되지 않는 Private Method 'makeSearchLogQueryURL()' 가 선언되었음","pmd-eclipse","UnusedPrivateMethod"
"188","kcue.ast.eip.eis.search.object","src/main/java/kcue/ast/eip/eis/search/object/EipSearchClickLogObject.java","2","81","가공되지 않은 Exception을 throw하는 것은 비추천","pmd-eclipse","AvoidThrowingRawExceptionTypes"
"189","kcue.ast.eip.eis.search.object","src/main/java/kcue/ast/eip/eis/search/object/EipSearchLogObject.java","2","294","가공되지 않은 Exception을 throw하는 것은 비추천","pmd-eclipse","AvoidThrowingRawExceptionTypes"
"190","kcue.ast.eip.eis.search.object","src/main/java/kcue/ast/eip/eis/search/object/EipSearchQueryObject.java","1","11","생성자에서 Assign된 변수 'restApiURL' 를 Final로 선언하지 않았음","pmd-eclipse","ImmutableField"
"191","kcue.ast.eip.eis.search.object","src/main/java/kcue/ast/eip/eis/search/object/EipSearchQueryObject.java","2","157","가공되지 않은 Exception을 throw하는 것은 비추천","pmd-eclipse","AvoidThrowingRawExceptionTypes"
"192","kcue.ast.eip.eis.search.object","src/main/java/kcue/ast/eip/eis/search/object/EipSearchRelateKeyword.java","2","62","가공되지 않은 Exception을 throw하는 것은 비추천","pmd-eclipse","AvoidThrowingRawExceptionTypes"
"193","kcue.ast.eip.eis.search.service.impl","src/main/java/kcue/ast/eip/eis/search/service/impl/EipAnalyticsServiceImpl.java","1","317","SimpleDateFormat 인스턴스를 생성할때 Locale 을 지정하는 것이 바람직함","pmd-eclipse","SimpleDateFormatNeedsLocale"
"194","kcue.ast.eip.eis.search.service.impl","src/main/java/kcue/ast/eip/eis/search/service/impl/EipAnalyticsServiceImpl.java","1","367","SimpleDateFormat 인스턴스를 생성할때 Locale 을 지정하는 것이 바람직함","pmd-eclipse","SimpleDateFormatNeedsLocale"
"195","kcue.ast.eip.eis.search.service.impl","src/main/java/kcue/ast/eip/eis/search/service/impl/EipAnalyticsServiceImpl.java","2","451","가공되지 않은 Exception을 throw하는 것은 비추천","pmd-eclipse","AvoidThrowingRawExceptionTypes"
"196","kcue.ast.eip.eis.search.service.impl","src/main/java/kcue/ast/eip/eis/search/service/impl/EipAnalyticsServiceImpl.java","2","453","가공되지 않은 Exception을 throw하는 것은 비추천","pmd-eclipse","AvoidThrowingRawExceptionTypes"
"197","kcue.ast.eip.eis.search.service.impl","src/main/java/kcue/ast/eip/eis/search/service/impl/EipAnalyticsServiceImpl.java","2","455","가공되지 않은 Exception을 throw하는 것은 비추천","pmd-eclipse","AvoidThrowingRawExceptionTypes"
"198","kcue.ast.eip.eis.search.service.impl","src/main/java/kcue/ast/eip/eis/search/service/impl/EipAnalyticsServiceImpl.java","2","457","가공되지 않은 Exception을 throw하는 것은 비추천","pmd-eclipse","AvoidThrowingRawExceptionTypes"
"199","kcue.ast.eip.eis.search.service.impl","src/main/java/kcue/ast/eip/eis/search/service/impl/EipAnalyticsServiceImpl.java","2","462","가공되지 않은 Exception을 throw하는 것은 비추천","pmd-eclipse","AvoidThrowingRawExceptionTypes"
"200","kcue.ast.eip.eis.search.service.impl","src/main/java/kcue/ast/eip/eis/search/service/impl/EipAnalyticsServiceImpl.java","2","473","가공되지 않은 Exception을 throw하는 것은 비추천","pmd-eclipse","AvoidThrowingRawExceptionTypes"
"201","kcue.ast.eip.eis.search.service.impl","src/main/java/kcue/ast/eip/eis/search/service/impl/EipSearchServiceImpl.java","2","34","사용되지 않는 Private field 'SE_AND' 가 선언되었음","pmd-eclipse","UnusedPrivateField"
"202","kcue.ast.eip.eis.search.service.impl","src/main/java/kcue/ast/eip/eis/search/service/impl/EipSearchServiceImpl.java","2","54","'keyword' 처럼 파라미터 값을 직접 변경하지 말것","pmd-eclipse","AvoidReassigningParameters"
"203","kcue.ast.eip.eis.search.service.impl","src/main/java/kcue/ast/eip/eis/search/service/impl/EipSearchServiceImpl.java","1","99","빈 if 구문의 사용을 피하도록 함","pmd-eclipse","EmptyIfStmt"
"204","kcue.ast.eip.eis.search.service.impl","src/main/java/kcue/ast/eip/eis/search/service/impl/EipSearchServiceImpl.java","2","178","'keyword' 처럼 파라미터 값을 직접 변경하지 말것","pmd-eclipse","AvoidReassigningParameters"
"205","kcue.ast.eip.eis.search.service.impl","src/main/java/kcue/ast/eip/eis/search/service/impl/EipSearchServiceImpl.java","1","226","빈 if 구문의 사용을 피하도록 함","pmd-eclipse","EmptyIfStmt"
"206","kcue.ast.eip.eis.search.service.impl","src/main/java/kcue/ast/eip/eis/search/service/impl/EipSearchServiceImpl.java","2","269","'keyword' 처럼 파라미터 값을 직접 변경하지 말것","pmd-eclipse","AvoidReassigningParameters"
"207","kcue.ast.eip.eis.search.service.impl","src/main/java/kcue/ast/eip/eis/search/service/impl/EipSearchServiceImpl.java","1","328","빈 if 구문의 사용을 피하도록 함","pmd-eclipse","EmptyIfStmt"
"208","kcue.ast.eip.eis.search.service.impl","src/main/java/kcue/ast/eip/eis/search/service/impl/EipSearchServiceImpl.java","2","371","'keyword' 처럼 파라미터 값을 직접 변경하지 말것","pmd-eclipse","AvoidReassigningParameters"
"209","kcue.ast.eip.eis.search.service.impl","src/main/java/kcue/ast/eip/eis/search/service/impl/EipSearchServiceImpl.java","2","426","'keyword' 처럼 파라미터 값을 직접 변경하지 말것","pmd-eclipse","AvoidReassigningParameters"
"210","kcue.ast.eip.eis.search.service.impl","src/main/java/kcue/ast/eip/eis/search/service/impl/EipSearchServiceImpl.java","1","454","SimpleDateFormat 인스턴스를 생성할때 Locale 을 지정하는 것이 바람직함","pmd-eclipse","SimpleDateFormatNeedsLocale"
"211","kcue.ast.eip.eis.search.service.impl","src/main/java/kcue/ast/eip/eis/search/service/impl/EipSearchServiceImpl.java","1","505","빈 if 구문의 사용을 피하도록 함","pmd-eclipse","EmptyIfStmt"
"212","kcue.ast.eip.eis.search.service.impl","src/main/java/kcue/ast/eip/eis/search/service/impl/EipSearchServiceImpl.java","2","638","'keyword' 처럼 파라미터 값을 직접 변경하지 말것","pmd-eclipse","AvoidReassigningParameters"
"213","kcue.ast.eip.eis.search.service.impl","src/main/java/kcue/ast/eip/eis/search/service/impl/EipSearchServiceImpl.java","2","683","'keyword' 처럼 파라미터 값을 직접 변경하지 말것","pmd-eclipse","AvoidReassigningParameters"
"214","kcue.ast.eip.eis.search.service.impl","src/main/java/kcue/ast/eip/eis/search/service/impl/EipSearchServiceImpl.java","2","683","'searchOptionKeyword' 처럼 파라미터 값을 직접 변경하지 말것","pmd-eclipse","AvoidReassigningParameters"
"215","kcue.ast.eip.eis.search.service.impl","src/main/java/kcue/ast/eip/eis/search/service/impl/EipSearchServiceImpl.java","1","709","빈 if 구문의 사용을 피하도록 함","pmd-eclipse","EmptyIfStmt"
"216","kcue.ast.eip.eis.search.service.impl","src/main/java/kcue/ast/eip/eis/search/service/impl/EipSearchServiceImpl.java","2","814","가공되지 않은 Exception을 throw하는 것은 비추천","pmd-eclipse","AvoidThrowingRawExceptionTypes"
"217","kcue.ast.eip.eis.search.service.impl","src/main/java/kcue/ast/eip/eis/search/service/impl/EipSearchServiceImpl.java","2","816","가공되지 않은 Exception을 throw하는 것은 비추천","pmd-eclipse","AvoidThrowingRawExceptionTypes"
"218","kcue.ast.eip.eis.search.service.impl","src/main/java/kcue/ast/eip/eis/search/service/impl/EipSearchServiceImpl.java","2","818","가공되지 않은 Exception을 throw하는 것은 비추천","pmd-eclipse","AvoidThrowingRawExceptionTypes"
"219","kcue.ast.eip.eis.search.service.impl","src/main/java/kcue/ast/eip/eis/search/service/impl/EipSearchServiceImpl.java","2","820","가공되지 않은 Exception을 throw하는 것은 비추천","pmd-eclipse","AvoidThrowingRawExceptionTypes"
"220","kcue.ast.eip.eis.search.service.impl","src/main/java/kcue/ast/eip/eis/search/service/impl/EipSearchServiceImpl.java","2","825","가공되지 않은 Exception을 throw하는 것은 비추천","pmd-eclipse","AvoidThrowingRawExceptionTypes"
"221","kcue.ast.eip.eis.search.service.impl","src/main/java/kcue/ast/eip/eis/search/service/impl/EipSearchServiceImpl.java","2","836","가공되지 않은 Exception을 throw하는 것은 비추천","pmd-eclipse","AvoidThrowingRawExceptionTypes"
"222","kcue.ast.eip.eis.search.service.impl","src/main/java/kcue/ast/eip/eis/search/service/impl/EipSearchServiceImpl.java","2","849","'keyword' 처럼 파라미터 값을 직접 변경하지 말것","pmd-eclipse","AvoidReassigningParameters"
"223","kcue.ast.eip.eis.search.service.impl","src/main/java/kcue/ast/eip/eis/search/service/impl/EipSearchServiceImpl.java","2","849","'keyword' 처럼 파라미터 값을 직접 변경하지 말것","pmd-eclipse","AvoidReassigningParameters"
"224","kcue.ast.eip.eis.search.service.impl","src/main/java/kcue/ast/eip/eis/search/service/impl/EipSearchServiceImpl.java","2","849","'keyword' 처럼 파라미터 값을 직접 변경하지 말것","pmd-eclipse","AvoidReassigningParameters"
"225","kcue.ast.eip.eis.search.service.impl","src/main/java/kcue/ast/eip/eis/search/service/impl/EipSearchServiceImpl.java","2","849","'keyword' 처럼 파라미터 값을 직접 변경하지 말것","pmd-eclipse","AvoidReassigningParameters"
"226","kcue.ast.eip.eis.search.service.impl","src/main/java/kcue/ast/eip/eis/search/service/impl/EipSearchServiceImpl.java","2","849","'keyword' 처럼 파라미터 값을 직접 변경하지 말것","pmd-eclipse","AvoidReassigningParameters"
"227","kcue.ast.eip.eis.search.service.impl","src/main/java/kcue/ast/eip/eis/search/service/impl/EipSearchServiceImpl.java","2","849","'keyword' 처럼 파라미터 값을 직접 변경하지 말것","pmd-eclipse","AvoidReassigningParameters"
"228","kcue.ast.eip.eis.search.service.impl","src/main/java/kcue/ast/eip/eis/search/service/impl/EipSearchServiceImpl.java","2","849","'keyword' 처럼 파라미터 값을 직접 변경하지 말것","pmd-eclipse","AvoidReassigningParameters"
"229","kcue.ast.eip.eis.search.service.impl","src/main/java/kcue/ast/eip/eis/search/service/impl/EipSearchServiceImpl.java","2","849","'keyword' 처럼 파라미터 값을 직접 변경하지 말것","pmd-eclipse","AvoidReassigningParameters"
"230","kcue.ast.eip.eis.search.service.impl","src/main/java/kcue/ast/eip/eis/search/service/impl/EipSearchServiceImpl.java","2","849","'keyword' 처럼 파라미터 값을 직접 변경하지 말것","pmd-eclipse","AvoidReassigningParameters"
"231","kcue.ast.eip.eis.search.service.impl","src/main/java/kcue/ast/eip/eis/search/service/impl/EipSearchServiceImpl.java","2","849","'keyword' 처럼 파라미터 값을 직접 변경하지 말것","pmd-eclipse","AvoidReassigningParameters"
"232","kcue.ast.eip.eis.search.service.impl","src/main/java/kcue/ast/eip/eis/search/service/impl/EipSearchServiceImpl.java","2","849","'keyword' 처럼 파라미터 값을 직접 변경하지 말것","pmd-eclipse","AvoidReassigningParameters"
"233","kcue.ast.eip.eis.search.service.impl","src/main/java/kcue/ast/eip/eis/search/service/impl/EipSearchServiceImpl.java","2","869","'keyword' 처럼 파라미터 값을 직접 변경하지 말것","pmd-eclipse","AvoidReassigningParameters"
"234","kcue.ast.eip.eis.search.service.impl","src/main/java/kcue/ast/eip/eis/search/service/impl/EipSearchServiceImpl.java","2","869","'keyword' 처럼 파라미터 값을 직접 변경하지 말것","pmd-eclipse","AvoidReassigningParameters"
"235","kcue.ast.eip.eis.search.service.impl","src/main/java/kcue/ast/eip/eis/search/service/impl/EipSearchServiceImpl.java","2","869","'keyword' 처럼 파라미터 값을 직접 변경하지 말것","pmd-eclipse","AvoidReassigningParameters"
"236","kcue.ast.eip.eis.search.service.impl","src/main/java/kcue/ast/eip/eis/search/service/impl/EipSearchServiceImpl.java","2","869","'keyword' 처럼 파라미터 값을 직접 변경하지 말것","pmd-eclipse","AvoidReassigningParameters"
"237","kcue.ast.eip.eis.search.service.impl","src/main/java/kcue/ast/eip/eis/search/service/impl/EipSearchServiceImpl.java","2","869","'keyword' 처럼 파라미터 값을 직접 변경하지 말것","pmd-eclipse","AvoidReassigningParameters"
"238","kcue.ast.eip.eis.search.service.impl","src/main/java/kcue/ast/eip/eis/search/service/impl/EipSearchServiceImpl.java","2","869","'keyword' 처럼 파라미터 값을 직접 변경하지 말것","pmd-eclipse","AvoidReassigningParameters"
"239","kcue.ast.eip.eis.search.service.impl","src/main/java/kcue/ast/eip/eis/search/service/impl/EipSearchServiceImpl.java","2","869","'keyword' 처럼 파라미터 값을 직접 변경하지 말것","pmd-eclipse","AvoidReassigningParameters"
"240","kcue.ast.eip.eis.search.service.impl","src/main/java/kcue/ast/eip/eis/search/service/impl/EipSearchServiceImpl.java","2","869","'keyword' 처럼 파라미터 값을 직접 변경하지 말것","pmd-eclipse","AvoidReassigningParameters"
"241","kcue.ast.eip.eis.search.web","src/main/java/kcue/ast/eip/eis/search/web/EipSearchController.java","2","44","사용되지 않는 Private field 'log' 가 선언되었음","pmd-eclipse","UnusedPrivateField"
"242","kcue.ast.eip.eis.search.web","src/main/java/kcue/ast/eip/eis/search/web/EipSearchController.java","2","48","'keyword' 처럼 파라미터 값을 직접 변경하지 말것","pmd-eclipse","AvoidReassigningParameters"
"243","kcue.ast.eip.eis.search.web","src/main/java/kcue/ast/eip/eis/search/web/EipSearchController.java","2","48","'keyword' 처럼 파라미터 값을 직접 변경하지 말것","pmd-eclipse","AvoidReassigningParameters"
"244","kcue.ast.eip.eis.search.web","src/main/java/kcue/ast/eip/eis/search/web/EipSearchController.java","2","50","'searchLog' 처럼 파라미터 값을 직접 변경하지 말것","pmd-eclipse","AvoidReassigningParameters"
"245","kcue.ast.eip.eis.search.web","src/main/java/kcue/ast/eip/eis/search/web/EipSearchController.java","2","51","'sortSubmitDate' 처럼 파라미터 값을 직접 변경하지 말것","pmd-eclipse","AvoidReassigningParameters"
"246","kcue.ast.eip.eis.search.web","src/main/java/kcue/ast/eip/eis/search/web/EipSearchController.java","2","52","'sortAccuracy' 처럼 파라미터 값을 직접 변경하지 말것","pmd-eclipse","AvoidReassigningParameters"
"247","kcue.ast.eip.eis.search.web","src/main/java/kcue/ast/eip/eis/search/web/EipSearchController.java","2","53","'sortPopular' 처럼 파라미터 값을 직접 변경하지 말것","pmd-eclipse","AvoidReassigningParameters"
"248","kcue.ast.eip.eis.search.web","src/main/java/kcue/ast/eip/eis/search/web/EipSearchController.java","2","54","'sortPeriod' 처럼 파라미터 값을 직접 변경하지 말것","pmd-eclipse","AvoidReassigningParameters"
"249","kcue.ast.eip.eis.search.web","src/main/java/kcue/ast/eip/eis/search/web/EipSearchController.java","2","55","'sortTarget' 처럼 파라미터 값을 직접 변경하지 말것","pmd-eclipse","AvoidReassigningParameters"
"250","kcue.ast.eip.eis.search.web","src/main/java/kcue/ast/eip/eis/search/web/EipSearchController.java","2","56","'sortYear' 처럼 파라미터 값을 직접 변경하지 말것","pmd-eclipse","AvoidReassigningParameters"
"251","kcue.ast.eip.eis.search.web","src/main/java/kcue/ast/eip/eis/search/web/EipSearchController.java","2","57","'sortPlace' 처럼 파라미터 값을 직접 변경하지 말것","pmd-eclipse","AvoidReassigningParameters"
"252","kcue.ast.eip.eis.search.web","src/main/java/kcue/ast/eip/eis/search/web/EipSearchController.java","2","57","'sortPlace' 처럼 파라미터 값을 직접 변경하지 말것","pmd-eclipse","AvoidReassigningParameters"
"253","kcue.ast.eip.eis.search.web","src/main/java/kcue/ast/eip/eis/search/web/EipSearchController.java","2","58","'searchOption' 처럼 파라미터 값을 직접 변경하지 말것","pmd-eclipse","AvoidReassigningParameters"
"254","kcue.ast.eip.eis.search.web","src/main/java/kcue/ast/eip/eis/search/web/EipSearchController.java","2","58","'searchOption' 처럼 파라미터 값을 직접 변경하지 말것","pmd-eclipse","AvoidReassigningParameters"
"255","kcue.ast.eip.eis.search.web","src/main/java/kcue/ast/eip/eis/search/web/EipSearchController.java","2","465","'keyword' 처럼 파라미터 값을 직접 변경하지 말것","pmd-eclipse","AvoidReassigningParameters"
"256","kcue.ast.eip.eis.search.web","src/main/java/kcue/ast/eip/eis/search/web/EipSearchController.java","2","470","'searchLog' 처럼 파라미터 값을 직접 변경하지 말것","pmd-eclipse","AvoidReassigningParameters"
"257","kcue.ast.eip.eis.search.web","src/main/java/kcue/ast/eip/eis/search/web/EipSearchController.java","2","471","'sortSubmitDate' 처럼 파라미터 값을 직접 변경하지 말것","pmd-eclipse","AvoidReassigningParameters"
"258","kcue.ast.eip.eis.search.web","src/main/java/kcue/ast/eip/eis/search/web/EipSearchController.java","2","472","'sortAccuracy' 처럼 파라미터 값을 직접 변경하지 말것","pmd-eclipse","AvoidReassigningParameters"
"259","kcue.ast.eip.eis.search.web","src/main/java/kcue/ast/eip/eis/search/web/EipSearchController.java","2","473","'sortPopular' 처럼 파라미터 값을 직접 변경하지 말것","pmd-eclipse","AvoidReassigningParameters"
"260","kcue.ast.eip.eis.search.web","src/main/java/kcue/ast/eip/eis/search/web/EipSearchController.java","2","474","'sortPeriod' 처럼 파라미터 값을 직접 변경하지 말것","pmd-eclipse","AvoidReassigningParameters"
"261","kcue.ast.eip.eis.search.web","src/main/java/kcue/ast/eip/eis/search/web/EipSearchController.java","2","475","'sortTarget' 처럼 파라미터 값을 직접 변경하지 말것","pmd-eclipse","AvoidReassigningParameters"
"262","kcue.ast.eip.eis.search.web","src/main/java/kcue/ast/eip/eis/search/web/EipSearchController.java","2","476","'sortYear' 처럼 파라미터 값을 직접 변경하지 말것","pmd-eclipse","AvoidReassigningParameters"
"263","kcue.ast.eip.eis.search.web","src/main/java/kcue/ast/eip/eis/search/web/EipSearchController.java","2","477","'sortPlace' 처럼 파라미터 값을 직접 변경하지 말것","pmd-eclipse","AvoidReassigningParameters"
"264","kcue.ast.eip.eis.search.web","src/main/java/kcue/ast/eip/eis/search/web/EipSearchController.java","2","477","'sortPlace' 처럼 파라미터 값을 직접 변경하지 말것","pmd-eclipse","AvoidReassigningParameters"
"265","kcue.ast.eip.eis.search.web","src/main/java/kcue/ast/eip/eis/search/web/EipSearchController.java","2","478","'searchOption' 처럼 파라미터 값을 직접 변경하지 말것","pmd-eclipse","AvoidReassigningParameters"
"266","kcue.ast.eip.eis.search.web","src/main/java/kcue/ast/eip/eis/search/web/EipSearchController.java","2","478","'searchOption' 처럼 파라미터 값을 직접 변경하지 말것","pmd-eclipse","AvoidReassigningParameters"
"267","kcue.ast.eip.eis.search.web","src/main/java/kcue/ast/eip/eis/search/web/EipSearchController.java","2","478","'searchOption' 처럼 파라미터 값을 직접 변경하지 말것","pmd-eclipse","AvoidReassigningParameters"
"268","kcue.ast.eip.eis.search.web","src/main/java/kcue/ast/eip/eis/search/web/EipSearchController.java","1","486","필요없는 Instance가 생성되어 있음","pmd-eclipse","StringInstantiation"
"269","kcue.ast.eip.eis.search.web","src/main/java/kcue/ast/eip/eis/search/web/EipSearchController.java","1","487","필요없는 Instance가 생성되어 있음","pmd-eclipse","StringInstantiation"
"270","kcue.ast.eip.eis.search.web","src/main/java/kcue/ast/eip/eis/search/web/EipSearchController.java","2","1044","'keyword' 처럼 파라미터 값을 직접 변경하지 말것","pmd-eclipse","AvoidReassigningParameters"
"271","kcue.common","src/main/java/kcue/common/KcueDefaultVO.java","1","138","final field를 Static 으로 변경하면 overhead 를 줄일 수 있음.","pmd-eclipse","FinalFieldCouldBeStatic"
"272","kcue.common.advice","src/main/java/kcue/common/advice/KcueMethodInvokeAspect.java","1","17","빈 Method에 주석을 추가할것","pmd-eclipse","UncommentedEmptyMethod"
"273","kcue.common.advice","src/main/java/kcue/common/advice/KcueMethodInvokeAspect.java","1","20","빈 Method에 주석을 추가할것","pmd-eclipse","UncommentedEmptyMethod"
"274","kcue.common.interceptor","src/main/java/kcue/common/interceptor/KcueAuthInterceptor.java","2","90","StringBuffer 함수에서 nonliteral 을 직접 concatenate 하지 말 것","pmd-eclipse","InefficientStringBuffering"
"275","kcue.common.interceptor","src/main/java/kcue/common/interceptor/KcueAuthInterceptor.java","2","232","사용되지 않는 Private Method 'actionParamString(Map)' 가 선언되었음","pmd-eclipse","UnusedPrivateMethod"
"276","kcue.common.interceptor","src/main/java/kcue/common/interceptor/KcueLoggingInterceptor.java","2","96","사용되지 않는 Private Method 'actionParamString(Map)' 가 선언되었음","pmd-eclipse","UnusedPrivateMethod"
"277","kcue.common.result","src/main/java/kcue/common/result/KcueResultVO.java","1","66","final field를 Static 으로 변경하면 overhead 를 줄일 수 있음.","pmd-eclipse","FinalFieldCouldBeStatic"
"278","kcue.common.result","src/main/java/kcue/common/result/KcueResultVO.java","1","67","final field를 Static 으로 변경하면 overhead 를 줄일 수 있음.","pmd-eclipse","FinalFieldCouldBeStatic"
"279","kcue.common.result","src/main/java/kcue/common/result/KcueResultVO.java","1","68","final field를 Static 으로 변경하면 overhead 를 줄일 수 있음.","pmd-eclipse","FinalFieldCouldBeStatic"
"280","kcue.common.result","src/main/java/kcue/common/result/KcueResultVO.java","1","69","final field를 Static 으로 변경하면 overhead 를 줄일 수 있음.","pmd-eclipse","FinalFieldCouldBeStatic"
"281","kcue.common.result","src/main/java/kcue/common/result/KcueResultVO.java","1","75","빈 if 구문의 사용을 피하도록 함","pmd-eclipse","EmptyIfStmt"
"282","kcue.common.service","src/main/java/kcue/common/service/KcueAbstractDAO.java","2","29","Abstract Class내에  Abstract Method가 존재하지 않음","pmd-eclipse","AbstractClassWithoutAbstractMethod"
"283","kcue.common.util","src/main/java/kcue/common/util/Base64.java","2","144","'iLen' 처럼  사용되지 않는  'method' 파라미터가 있음","pmd-eclipse","UnusedFormalParameter"
"284","kcue.common.util","src/main/java/kcue/common/util/Base64.java","1","149","Switch구문에는 반드시 default label이 있어야 함","pmd-eclipse","SwitchStmtsShouldHaveDefault"
"285","kcue.common.util","src/main/java/kcue/common/util/Base64.java","1","171","필요없는 문장 (;)이 있음","pmd-eclipse","EmptyStatementNotInLoop"
"286","kcue.common.util","src/main/java/kcue/common/util/DateUtil.java","2","47","'inputDate' 처럼 파라미터 값을 직접 변경하지 말것","pmd-eclipse","AvoidReassigningParameters"
"287","kcue.common.util","src/main/java/kcue/common/util/DateUtil.java","2","47","'pattern' 처럼 파라미터 값을 직접 변경하지 말것","pmd-eclipse","AvoidReassigningParameters"
"288","kcue.common.util","src/main/java/kcue/common/util/DateUtil.java","2","137","'inputDate' 처럼 파라미터 값을 직접 변경하지 말것","pmd-eclipse","AvoidReassigningParameters"
"289","kcue.common.util","src/main/java/kcue/common/util/DateUtil.java","2","137","'pattern' 처럼 파라미터 값을 직접 변경하지 말것","pmd-eclipse","AvoidReassigningParameters"
"290","kcue.common.util","src/main/java/kcue/common/util/DateUtil.java","2","161","'pattern' 처럼 파라미터 값을 직접 변경하지 말것","pmd-eclipse","AvoidReassigningParameters"
"291","kcue.common.util","src/main/java/kcue/common/util/DateUtil.java","2","181","'pattern' 처럼 파라미터 값을 직접 변경하지 말것","pmd-eclipse","AvoidReassigningParameters"
"292","kcue.common.util","src/main/java/kcue/common/util/DateUtil.java","1","212","필요없는 Instance가 생성되어 있음","pmd-eclipse","StringInstantiation"
"293","kcue.common.util","src/main/java/kcue/common/util/DateUtil.java","2","231","'pattern' 처럼 파라미터 값을 직접 변경하지 말것","pmd-eclipse","AvoidReassigningParameters"
"294","kcue.common.util","src/main/java/kcue/common/util/DateUtil.java","1","341","SimpleDateFormat 인스턴스를 생성할때 Locale 을 지정하는 것이 바람직함","pmd-eclipse","SimpleDateFormatNeedsLocale"
"295","kcue.common.util","src/main/java/kcue/common/util/DateUtil.java","1","346","SimpleDateFormat 인스턴스를 생성할때 Locale 을 지정하는 것이 바람직함","pmd-eclipse","SimpleDateFormatNeedsLocale"
"296","kcue.common.util","src/main/java/kcue/common/util/ExcelFileType.java","2","46","가공되지 않은 Exception을 throw하는 것은 비추천","pmd-eclipse","AvoidThrowingRawExceptionTypes"
"297","kcue.common.util","src/main/java/kcue/common/util/ExcelFileType.java","2","53","가공되지 않은 Exception을 throw하는 것은 비추천","pmd-eclipse","AvoidThrowingRawExceptionTypes"
"298","kcue.common.util","src/main/java/kcue/common/util/ExcelFileType.java","2","58","가공되지 않은 Exception을 throw하는 것은 비추천","pmd-eclipse","AvoidThrowingRawExceptionTypes"
"299","kcue.common.util","src/main/java/kcue/common/util/KsignCryptoUtil.java","2","41","사용되지 않는 Private field 'messageSource' 가 선언되었음","pmd-eclipse","UnusedPrivateField"
"300","kcue.common.util","src/main/java/kcue/common/util/KsignCryptoUtil.java","1","50","생성자에서 Assign된 변수 'strDomain' 를 Final로 선언하지 않았음","pmd-eclipse","ImmutableField"
"301","kcue.common.util","src/main/java/kcue/common/util/KsignCryptoUtil.java","1","53","생성자에서 Assign된 변수 'strIp' 를 Final로 선언하지 않았음","pmd-eclipse","ImmutableField"
"302","kcue.common.util","src/main/java/kcue/common/util/KsignCryptoUtil.java","1","56","생성자에서 Assign된 변수 'strScheme' 를 Final로 선언하지 않았음","pmd-eclipse","ImmutableField"
"303","kcue.common.util","src/main/java/kcue/common/util/KsignCryptoUtil.java","1","59","생성자에서 Assign된 변수 'strTable' 를 Final로 선언하지 않았음","pmd-eclipse","ImmutableField"
"304","kcue.common.util","src/main/java/kcue/common/util/KsignCryptoUtil.java","1","62","생성자에서 Assign된 변수 'strMode' 를 Final로 선언하지 않았음","pmd-eclipse","ImmutableField"
"305","kcue.common.util","src/main/java/kcue/common/util/NavigatorUtils.java","2","215","boolean 사용 시 불필요한 비교 연산을 피하도록 함","pmd-eclipse","SimplifyBooleanExpressions"
"306","kcue.common.util","src/main/java/kcue/common/util/NavigatorUtils.java","2","217","boolean 사용 시 불필요한 비교 연산을 피하도록 함","pmd-eclipse","SimplifyBooleanExpressions"
"307","kcue.common.util","src/main/java/kcue/common/util/NavigatorUtils.java","2","227","boolean 사용 시 불필요한 비교 연산을 피하도록 함","pmd-eclipse","SimplifyBooleanExpressions"
"308","kcue.common.util","src/main/java/kcue/common/util/NavigatorUtils.java","2","229","boolean 사용 시 불필요한 비교 연산을 피하도록 함","pmd-eclipse","SimplifyBooleanExpressions"
"309","kcue.common.util","src/main/java/kcue/common/util/NavigatorUtils.java","2","231","boolean 사용 시 불필요한 비교 연산을 피하도록 함","pmd-eclipse","SimplifyBooleanExpressions"
"310","kcue.common.util","src/main/java/kcue/common/util/NavigatorUtils.java","2","243","boolean 사용 시 불필요한 비교 연산을 피하도록 함","pmd-eclipse","SimplifyBooleanExpressions"
"311","kcue.common.util","src/main/java/kcue/common/util/NavigatorUtils.java","2","243","boolean 사용 시 불필요한 비교 연산을 피하도록 함","pmd-eclipse","SimplifyBooleanExpressions"
"312","kcue.common.util","src/main/java/kcue/common/util/NavigatorUtils.java","2","249","boolean 사용 시 불필요한 비교 연산을 피하도록 함","pmd-eclipse","SimplifyBooleanExpressions"
"313","kcue.common.util","src/main/java/kcue/common/util/NavigatorUtils.java","2","251","boolean 사용 시 불필요한 비교 연산을 피하도록 함","pmd-eclipse","SimplifyBooleanExpressions"
"314","kcue.common.util","src/main/java/kcue/common/util/NavigatorUtils.java","2","270","boolean 사용 시 불필요한 비교 연산을 피하도록 함","pmd-eclipse","SimplifyBooleanExpressions"
"315","kcue.common.util","src/main/java/kcue/common/util/NavigatorUtils.java","2","272","boolean 사용 시 불필요한 비교 연산을 피하도록 함","pmd-eclipse","SimplifyBooleanExpressions"
"316","kcue.common.util","src/main/java/kcue/common/util/NavigatorUtils.java","2","282","boolean 사용 시 불필요한 비교 연산을 피하도록 함","pmd-eclipse","SimplifyBooleanExpressions"
"317","kcue.common.util","src/main/java/kcue/common/util/NavigatorUtils.java","2","284","boolean 사용 시 불필요한 비교 연산을 피하도록 함","pmd-eclipse","SimplifyBooleanExpressions"
"318","kcue.common.util","src/main/java/kcue/common/util/NavigatorUtils.java","2","286","boolean 사용 시 불필요한 비교 연산을 피하도록 함","pmd-eclipse","SimplifyBooleanExpressions"
"319","kcue.common.util","src/main/java/kcue/common/util/NavigatorUtils.java","2","297","boolean 사용 시 불필요한 비교 연산을 피하도록 함","pmd-eclipse","SimplifyBooleanExpressions"
"320","kcue.common.util","src/main/java/kcue/common/util/NavigatorUtils.java","2","297","boolean 사용 시 불필요한 비교 연산을 피하도록 함","pmd-eclipse","SimplifyBooleanExpressions"
"321","kcue.common.util","src/main/java/kcue/common/util/NavigatorUtils.java","2","302","boolean 사용 시 불필요한 비교 연산을 피하도록 함","pmd-eclipse","SimplifyBooleanExpressions"
"322","kcue.common.util","src/main/java/kcue/common/util/NavigatorUtils.java","2","325","boolean 사용 시 불필요한 비교 연산을 피하도록 함","pmd-eclipse","SimplifyBooleanExpressions"
"323","kcue.common.util","src/main/java/kcue/common/util/NavigatorUtils.java","2","327","boolean 사용 시 불필요한 비교 연산을 피하도록 함","pmd-eclipse","SimplifyBooleanExpressions"
"324","kcue.common.util","src/main/java/kcue/common/util/NavigatorUtils.java","2","339","boolean 사용 시 불필요한 비교 연산을 피하도록 함","pmd-eclipse","SimplifyBooleanExpressions"
"325","kcue.common.util","src/main/java/kcue/common/util/NavigatorUtils.java","2","341","boolean 사용 시 불필요한 비교 연산을 피하도록 함","pmd-eclipse","SimplifyBooleanExpressions"
"326","kcue.common.util","src/main/java/kcue/common/util/NavigatorUtils.java","2","343","boolean 사용 시 불필요한 비교 연산을 피하도록 함","pmd-eclipse","SimplifyBooleanExpressions"
"327","kcue.common.util","src/main/java/kcue/common/util/NavigatorUtils.java","2","354","boolean 사용 시 불필요한 비교 연산을 피하도록 함","pmd-eclipse","SimplifyBooleanExpressions"
"328","kcue.common.util","src/main/java/kcue/common/util/NavigatorUtils.java","2","354","boolean 사용 시 불필요한 비교 연산을 피하도록 함","pmd-eclipse","SimplifyBooleanExpressions"
"329","kcue.common.util","src/main/java/kcue/common/util/NavigatorUtils.java","2","359","boolean 사용 시 불필요한 비교 연산을 피하도록 함","pmd-eclipse","SimplifyBooleanExpressions"
"330","kcue.common.util","src/main/java/kcue/common/util/NavigatorUtils.java","2","370","boolean 사용 시 불필요한 비교 연산을 피하도록 함","pmd-eclipse","SimplifyBooleanExpressions"
"331","kcue.common.util","src/main/java/kcue/common/util/NavigatorUtils.java","2","370","boolean 사용 시 불필요한 비교 연산을 피하도록 함","pmd-eclipse","SimplifyBooleanExpressions"
"332","kcue.common.util","src/main/java/kcue/common/util/StringUtil.java","1","78","Empty String 을 체크하기 위해 String.trim().length() 을 사용하는 것은 피하도록 함","pmd-eclipse","InefficientEmptyStringCheck"
"333","kcue.common.util","src/main/java/kcue/common/util/StringUtil.java","2","697","'str' 처럼 파라미터 값을 직접 변경하지 말것","pmd-eclipse","AvoidReassigningParameters"
"334","kcue.common.util","src/main/java/kcue/common/util/StringUtil.java","2","767","'html' 처럼 파라미터 값을 직접 변경하지 말것","pmd-eclipse","AvoidReassigningParameters"
"335","kcue.common.util","src/main/java/kcue/common/util/StringUtil.java","2","767","'html' 처럼 파라미터 값을 직접 변경하지 말것","pmd-eclipse","AvoidReassigningParameters"
"336","kcue.common.util","src/main/java/kcue/common/util/StringUtil.java","2","767","'html' 처럼 파라미터 값을 직접 변경하지 말것","pmd-eclipse","AvoidReassigningParameters"
"337","kcue.common.util","src/main/java/kcue/common/util/StringUtil.java","2","767","'html' 처럼 파라미터 값을 직접 변경하지 말것","pmd-eclipse","AvoidReassigningParameters"
"338","kcue.common.util","src/main/java/kcue/common/util/UUIT.java","1","51","괄호가 없어도 되는 상황에서 불필요한 괄호를 사용할 경우 마치 메소드 호출처럼 보여서 소스 코드의 가독성을 떨어뜨릴 수 있음.","pmd-eclipse","UnnecessaryParentheses"
